917017733805,sent,2026-09-17T16:57:35.986Z
919760464741,sent,2026-09-17T17:38:08.626Z
918824703452,sent,2026-09-17T17:38:40.442Z
918279916614,sent,2026-09-17T17:43:29.341Z
916398075149,sent,2026-09-17T17:43:35.488Z
917983368574,sent,2026-09-17T17:43:43.929Z
916398803115,sent,2026-09-17T17:43:50.264Z
916397010263,sent,2026-09-17T17:43:57.447Z
916395050956,sent,2026-09-17T17:44:06.250Z
918953076519,sent,2026-09-17T17:44:14.140Z
919758713846,sent,2026-09-17T17:44:21.210Z
917060249302,sent,2026-09-17T17:44:30.211Z
917078416625,sent,2026-09-17T17:44:37.387Z
917906911687,sent,2026-09-17T17:44:43.130Z
919720377001,sent,2026-09-17T17:44:48.844Z
918318722177,sent,2026-09-17T17:44:55.445Z
917017630535,sent,2026-09-17T17:45:20.403Z
918937823775,sent,2026-09-17T17:45:26.946Z
919719201666,sent,2026-09-17T17:45:32.267Z
919027075708,sent,2026-09-17T17:45:38.208Z
919548571901,sent,2026-09-17T17:45:43.521Z
919389277510,sent,2026-09-17T17:45:47.627Z
917017130928,sent,2026-09-17T17:45:52.338Z
916398952190,sent,2026-09-17T17:45:56.238Z
919058373929,not_on_whatsapp,2026-09-17T17:45:58.257Z
918115282436,sent,2026-09-17T17:46:00.738Z
917607772459,sent,2026-09-17T17:46:05.133Z
919286449171,sent,2026-09-17T17:46:09.333Z
918009035086,sent,2026-09-17T17:46:13.611Z
918279896008,sent,2026-09-17T17:46:17.510Z
919196014218,sent,2026-09-17T17:46:21.620Z
917738143683,sent,2026-09-17T17:46:25.543Z
916307405526,sent,2026-09-17T17:46:29.801Z
918077981069,sent,2026-09-17T17:46:33.910Z
919720306208,sent,2026-09-17T17:46:38.730Z
918077756739,sent,2026-09-17T17:46:42.962Z
918445257157,sent,2026-09-17T17:46:47.237Z
916388257686,sent,2026-09-17T17:46:51.904Z
918273190932,sent,2026-09-17T17:46:55.633Z
917060923409,sent,2026-09-17T17:46:59.541Z
918445059435,sent,2026-09-17T17:47:03.771Z
918279311779,sent,2026-09-17T17:47:08.733Z
919267008691,sent,2026-09-17T17:47:12.606Z
917860961671,sent,2026-09-17T17:47:17.324Z
918218709031,sent,2026-09-17T17:47:22.059Z
919027552708,sent,2026-09-17T17:47:25.927Z
917906780183,sent,2026-09-17T17:47:30.437Z
917906904871,sent,2026-09-17T17:47:35.554Z
919634433655,sent,2026-09-17T17:47:39.856Z
919548765559,sent,2026-09-17T17:47:44.617Z
918171243811,sent,2026-09-17T17:47:48.663Z
918077067457,sent,2026-09-17T17:47:53.100Z
917505386792,sent,2026-09-17T17:47:56.682Z
919286358062,sent,2026-09-17T17:48:01.381Z
917497846340,failed,2026-09-17T17:49:03.074Z
917249985443,failed,2026-09-17T17:49:04.719Z
918957600669,failed,2026-09-17T17:49:05.934Z
919794337054,failed,2026-09-17T17:49:07.087Z
919259043995,failed,2026-09-17T17:49:08.539Z
919259839041,failed,2026-09-17T17:49:10.344Z
917017379016,failed,2026-09-17T17:49:12.169Z
919368587318,failed,2026-09-17T17:49:14.101Z
916393056673,failed,2026-09-17T17:49:15.626Z
919410688140,failed,2026-09-17T17:49:17.137Z
919006577103,failed,2026-09-17T17:49:18.961Z
917522008663,failed,2026-09-17T17:49:20.163Z
917817896534,failed,2026-09-17T17:49:21.930Z
916306449433,failed,2026-09-17T17:49:23.639Z
918953782712,failed,2026-09-17T17:49:24.874Z
919837585115,failed,2026-09-17T17:49:26.651Z
919142516799,failed,2026-09-17T17:49:28.213Z
919119732394,failed,2026-09-17T17:49:29.358Z
918445518778,failed,2026-09-17T17:49:31.330Z
916306000462,failed,2026-09-17T17:49:32.349Z
919721320061,failed,2026-09-17T17:49:34.109Z
917055279317,failed,2026-09-17T17:49:35.330Z
918218380320,failed,2026-09-17T17:49:36.663Z
919389983638,failed,2026-09-17T17:49:38.658Z
917668895917,failed,2026-09-17T17:49:40.249Z
916306640182,failed,2026-09-17T17:49:41.394Z
919528373749,failed,2026-09-17T17:49:42.816Z
919368293617,failed,2026-09-17T17:49:44.461Z
919548767817,failed,2026-09-17T17:49:46.017Z
